first_name,last_name,email,password,is_admin
Cchaddie,Antliff,cantliff0@opera.com,vvXd55,false
Nessi,Sodor,nsodor1@umn.edu,CkWLT4bYtZUV,true
Cicily,Crowch,ccrowch2@cbslocal.com,I9c1ZNa6Q,false
Kendricks,Monson,kmonson3@cbslocal.com,JHdlGXV5tZT7,false
Pietro,Bollen,pbollen4@java.com,BmeHdj2q4c,false
Tabbie,O'Loughane,toloughane5@mtv.com,YKNvtB9my,false
Morrie,Saunders,msaunders6@youtu.be,Z3v22Tgi,false
Lorrie,Emlen,lemlen7@nytimes.com,HPKF4eWT,false
Carroll,Gohier,cgohier8@shinystat.com,fXYReu5eq8b0,true
Elvira,Wheildon,ewheildon9@alibaba.com,9RdFifc,true
Irene,Doers,idoersa@youtu.be,iGdTqjAnw,false
Madeline,Bilverstone,mbilverstoneb@tmall.com,eIB3YErJcv,true
Darcey,Traynor,dtraynorc@quantcast.com,TnQZ08zdeJ,false
Charlotta,Rolles,crollesd@constantcontact.com,VemAfp89f8,true
Valry,Coopland,vcooplande@businessinsider.com,HCPAlDtqJ,false
Rustin,Shiel,rshielf@mapy.cz,F9Dsvk9TOwD1,true
Anselma,Lydiatt,alydiattg@smh.com.au,msYJ4NbHoN,false
Doloritas,Keuneke,dkeunekeh@ehow.com,ap1EUJ,true
Mikkel,Ferandez,mferandezi@google.com.hk,36yoqzQ91Rr1,true
Berkley,Wreak,bwreakj@illinois.edu,VEcPQZ3Vc,true
